title,price,location,details
Un Duplex de Prestige S3 avec vue Nature Verdoyante,,,"Prix à consulter | La Soukra Ville, La Soukra | 267m² | 3 Chambres | Jardin"
Duplex à vendre en S3,,,"1 600 000 TND | Les Berges Du Lac 2, Tunis | 312m² | 4 Pièces | 3 Chambres"
A Vendre Un Triplex En S4 Aux Berges Du Lac 2,,,"2 600 000 TND | Les Berges Du Lac 2, Tunis | 584m² | 5 Pièces | 4 Chambres"
A vendre S2 au lac2,,,"560 000 TND | Les Berges Du Lac 2, Tunis | 115m² | 3 Pièces | 2 Chambres"
Triplex S4 La Soukra,,,"870 000 TND | La Soukra Ville, La Soukra | 245m² | 6 Pièces | 4 Chambres"
"S2 Moderne à Skyline, Jardins de Carthage",,,"561 000 TND | Les Jardins de Carthage, La Marsa | 93m² | 3 Pièces | 2 Chambres"
S2 Neuf à la Résidence Jinene Soukra 1 Chotrana 3,,,"Prix à consulter | Chotrana 3, La Soukra | 118m² | 3 Pièces | 2 Chambres"
Le projet immobilier Résidence Emna,Prix à consulter,,"Prix à consulter | IMMOBILIER NEUF | Cité el Ghazela, Raoued | Haut standing | Finalisé"
Appartement à vendre à Sahloul. 3 chambres agréables,,,"Prix à consulter | Sahloul, Sousse | 156m² | 4 Pièces | 3 Chambres"
Appartement S3 à vendre aux Berges du Lac 1,,,"1 050 000 TND | Les Berges Du Lac 1, Tunis | 300m² | 3 Chambres | Terrasse"
A VENDRE Loft S2 à Les Berges du Lac 2,,,"916 000 TND | Les Berges Du Lac 2, Tunis | 146m² | 1 Pièce | 2 Chambres"
A VENDRE Appartement S2 aux berges du lac 2,,,"670 000 TND | Les Berges Du Lac 2, Tunis | 120m² | 4 Pièces | 3 Chambres"
À Vendre un appartement en S2 aux Berges du Lac 2,,,"530 000 TND | Les Berges Du Lac 2, Tunis | 80m² | 3 Pièces | 2 Chambres"
A Vendre Appartement s3 à Cité Ettahrir supérieur,,,"210 000 TND | Ettahrir Superieur, Tunis | 124m² | 4 Pièces | 3 Chambres"
Appartement S2 à Hammamet Nord,,,"350 000 TND | Hammamet Nord, Hammamet | 90m² | 3 Pièces | 3 Chambres"
Appartement s2 de 94 m² à la Nouvelle Medina,,,90 000 TND | Nouvelle Medina | 94m² | 2 Pièces | 2 Chambres
Appartement S2 de 117 m² à Nouvelle Médina Vente,,,292 500 TND | Nouvelle Medina | 117m² | 2 Pièces | 2 Chambres
Appartement S2 de 71.25 m² à la Nouvelle Medina,,,"150 000 TND | El Yasminette, Nouvelle Medina | 71m² | 2 Pièces | 2 Chambres"
A vendre s2 à la nouvelle médina,,,150 000 TND | Nouvelle Medina | 72m² | 3 Pièces | 2 Chambres
À VENDRE – Appartement S1 – Tanit C,,,"414 000 TND | Gammarth Supérieur, La Marsa | 64m² | 2 Pièces | Garage"
Appartement A05 – S2 – Résidence MAYA à Kairouan,,,291 292 TND | Kairouan Ville | 105m² | 3 Pièces | 2 Chambres
Vend appartement à Sidi Hassine,,,"106 585 TND | Sidi Hassine, Tunis | 65m² | 2 Pièces | Jardin"
Spacieux S3 aux Jardins de Carthage 176m² A1 2,,,"Prix à consulter | Les Jardins de Carthage, La Marsa | 176m² | 4 Pièces | 3 Chambres"
"A saisir un S2 de 82,65 m² à vendre, La Soukra",,,"387 557 TND | Chotrana 1, La Soukra | 82m² | 3 Pièces | 2 Chambres"
À Vendre: Un appartement S3 Direct Promoteur,,,"425 000 TND | El Aouina, Tunis | 115m² | 4 Pièces | 3 Chambres"
"Immeuble au centre ville de Midoun 
Djerba",,,"395 000 TND | Midoun, Djerba | 200m² | 4 Pièces | 3 Chambres"
Un appartement à jinen mansoura kelibia,,,"155 000 TND | Kélibia, Kélibia | 90m² | 3 Pièces | 2 Chambres"
À Louer un appartement en S2 aux Berges du Lac 2,,,"Prix à consulter | Les Berges Du Lac 2, Tunis | 130m² | 3 Pièces | 2 Chambres"
A vendre appartement S2 à La Nouvelle Soukra,372 000 TND,,"372 000 TND | La Soukra Ville, La Soukra | 95m² | 3 Pièces | 2 Chambres"
Appartement S4 en vente,,,"Prix à consulter | Kairouan Ville, Kairouan Ville | 144m² | 4 Pièces | 3 Chambres"
A vendre s1 neuf 70 m² à la soukra,,,"325 000 TND | Chotrana 1, La Soukra | 70m² | 2 Pièces | 1 Ch."
Residence THS à Chotrana 1,242 000 TND,,"242 000 TND | Chotrana 1, La Soukra | 57m² | 2 Pièces | 1 Ch."
Etage de villa,Prix à consulter,,"Prix à consulter | Soliman, Soliman | 80m² | 3 Pièces | 2 Chambres"
A vendre S2 la soukra,,,"420 000 TND | La Soukra Ville, La Soukra | 145m² | 3 Pièces | 2 Chambres"
Pack à vendre,1 500 000 TND,,"1 500 000 TND | Skanes, Monastir | 300m² | 3 Pièces | 3 Chambres"
Opportunité S2 à Chotrana 1 LA Soukra,,,"265 000 TND | Chotrana 1, La Soukra | 110m² | 3 Pièces | 2 Chambres"
S2 en vente,,,"260 000 TND | Skanes, Monastir | 80m² | 2 Pièces | 2 Chambres"
S1 en vente,,,"360 000 TND | Skanes, Monastir | 65m² | 1 Pièce | 1 Ch."
Vente d'un bel appartement à Les Jardins de Carthage. 3 cham...,,,"980 000 TND | Les Jardins de Carthage, La Marsa | 169m² | 4 Pièces | 3 Chambres"
S2 Neuf de 115 m² à Jinene Soukra 1 Chotrana 3,,,"Prix à consulter | Chotrana 3, La Soukra | 115m² | 3 Pièces | 2 Chambres"
JINENE SOUKRA 1: Luxe et Confort à Chotrana 3,À partir de 390 000 TND,,"À partir de 390 000 TND | À partir de | IMMOBILIER NEUF | Chotrana 3, La Soukra | Haut standing"
Vend appartement S2 à Sahloul. Surface de 107 m²,,,"380 000 TND | Sahloul, Sousse | 107m² | 3 Pièces | 3 Chambres"
Des appartements neufs directe promoteur à la Nouv,,,Prix à consulter | Nouvelle Medina | 100m² | 2 Pièces | 2 Chambres
Appartement neuf Directe Promoteur,,,Prix à consulter | Nouvelle Medina | 109m² | 2 Pièces | 2 Chambres
A vendre s2 spacieux bon standing hammamet:,,,280 000 TND | Hammamet | 110m² | 3 Pièces | 2 Chambres
À VENDRE – Appartement S1 – Tapsus 1. E. 1,,,"535 000 TND | Gammarth Supérieur, La Marsa | 72m² | 2 Pièces | Garage"
Appartement A01 – S2 Garage,,,317 511 TND | Kairouan Ville | 105m² | 3 Pièces | 2 Chambres
Vend appartement à Sidi Hassine,,,"133 252 TND | Sidi Hassine, Tunis | 82m² | 3 Pièces | Jardin"
Superbe Penthouse aux Jardins de Carthage. Superficie de 312...,,,"Prix à consulter | Les Jardins de Carthage, La Marsa | 312m² | 4 Pièces | 3 Chambres"
Vend appartement,,,"Prix à consulter | Route Lafrane, Sfax | 148m² | 4 Pièces | 3 Chambres"
Appartements haut standing à cité Ksiba Kelibia,,,155 000 TND | Kélibia | 80m² | 2 Pièces | 2 Chambres
À vendre appartement S2 neuf à Gammarth Forêt,,,"345 000 TND | Gammarth Village, La Marsa | 115m² | 3 Pièces | 2 Chambres"
A vendre un appartement S2 à Hammamet,Prix à consulter,,"Prix à consulter | Hammamet Nord, Hammamet | 194m² | 5 Pièces | 2 Chambres"
Appartement S2 Au Centre Ville De Tunis,,,"130 000 TND | Tunis Ville, Tunis | 65m² | 3 Pièces | 2 Chambres"
À vendre – Appartement S2 avec vue mer a Ezzahra,,,300 000 TND | Kélibia | 111m² | 3 Pièces | 2 Chambres
À vendre Appartement S2 meublé a kélibia,,,240 000 TND | Kélibia | 100m² | 3 Pièces | 2 Chambres
À Vendre Appartement S3 jamais habité,,,290 000 TND | Kélibia | 156m² | 4 Pièces | 3 Chambres
A vendre S3 au Rez De Chaussée à Chotran I,,,"770 000 TND | Chotrana 1, La Soukra | 158m² | 4 Pièces | 3 Chambres"
A Vendre S2 THS à Chotrana 1,,,"455 000 TND | Chotrana 1, La Soukra | 125m² | 3 Pièces | 2 Chambres"
A vendre S2 la soukra,,,"420 000 TND | Chotrana 1, La Soukra | 85m² | 3 Pièces | 2 Chambres"
A vendre un appartement S2 l'Aouina – Cité Wahat,,,"310 000 TND | El Aouina, Tunis | 100m² | 3 Pièces | 2 Chambres"
Appartement à l'achat. 2 chambres,,,"Prix à consulter | Bizerte Centre Ville, Bizerte | 132m² | 2 Chambres | 2 Salles de bains"
Appartement s4 à vendre,,,"380 000 TND | Khezama Est, Sousse | 200m² | 5 Pièces | 4 Chambres"
Duplex en vente,,,"372 000 TND | Khezama Est, Sousse | 140m² | 3 Pièces | 2 Chambres"
Appartement s1 à vendre,,,"130 000 TND | Khezama Est, Sousse | 50m² | 2 Pièces | 1 Ch."
A vendre appartement s2 sur plan,,,"408 000 TND | Khezama Est, Sousse | 90m² | 3 Pièces | 2 Chambres"
S2 haut standing de 108 m,,,"650 000 TND | Les Jardins de Carthage, La Marsa | 108m² | 3 Pièces | 2 Chambres"
S2 en vente,400 000 TND,,"400 000 TND | Skanes, Monastir | 84m² | 2 Pièces | 2 Chambres"
S2 en vente,,,"290 000 TND | Skanes, Monastir | 79m² | 2 Pièces | 2 Chambres"
"A vendre un appartement, direct promoteur, en s2 au RDC à Me...",,,"480 000 TND | El Menzah 9, Tunis | 120m² | 3 Pièces | 2 Chambres"
Appartement à vendre,,,430 000 TND | Hammamet | 138m² | 1 Pièce | 2 Chambres
S2 de 123 m² à Jinene Soukra 1 Chotrana 3,,,"Prix à consulter | Chotrana 3, La Soukra | 123m² | 3 Pièces | 2 Chambres"
Appartement S3 de 132 m² à Ben Arous,,,220 000 TND | Ben Arous | 132m² | 3 Pièces | 3 Chambres
Résidence Floria - Cité el Ghazela,À partir de 339 000 TND,,"À partir de 339 000 TND | À partir de | IMMOBILIER NEUF | Cité el Ghazela, Raoued | Haut standing"
Bel appartement à vendre Surface totale 133 m² au 4eme étage,,,"480 000 TND | Sahloul, Sousse | 133m² | 3 Pièces | 2 Chambres"
À VENDRE –Appartement S2 – Hannibal 1. F,,,"880 000 TND | Gammarth Supérieur, La Marsa | 172m² | 3 Pièces | Terrasse"
Appartement A03 – S1 – Résidence MAYA à Kairouan,,,167 875 TND | Kairouan Ville | 62m² | 2 Pièces | 1 Ch.
Penthouse d'exception aux Jardins de Carthage. 277m² D1 4,,,"Prix à consulter | Les Jardins de Carthage, La Marsa | 277m² | 4 Pièces | 3 Chambres"
Appartement à l'achat à Route Lafrane,,,"Prix à consulter | Route Lafrane, Sfax | 148m² | 4 Pièces | 3 Chambres"
Magnifique S2 en RDC avec jardin et piscine privative,,,"Prix à consulter | La Soukra Ville, La Soukra | 123m² | 3 Pièces | 2 Chambres"
Luxueux appartement à vendre à route touristique,,,"850 000 TND | Khezama Est, Sousse | 180m² | 2 Pièces | 2 Chambres"
Superbe Studio à vendre à Bouhsina,,,200 000 TND | Sousse | 65m² | 1 Ch. | Garage
Appartement s1 luxe à vendre ou à loué sousse,,,"400 000 TND | Corniche, Sousse | 66m² | 2 Pièces | 1 Ch."
À vendre – Appartement S1 à Kantaoui sousse,,,"204 000 TND | El Kantaoui, Hammam Sousse | 52m² | 1 Pièce | 1 Ch."
Magnifique Penthouse à vendre a sousse,,,"Prix à consulter | Zaouiet, Sousse Ville | 250m² | 3 Pièces | 3 Chambres"
À VENDRE – Appartement S4 à Khezama Est,,,"485 000 TND | Zaouiet, Sousse Ville | 4 Pièces | 4 Chambres | 2 Salles de bains"
Appartement s2 vue de mer à vendre sousse,580 000 TND,,"580 000 TND | El Kantaoui, Hammam Sousse | 2 Pièces | 2 Chambres | 1 Salle de bain"
Appartement sur la zone touristique à vendre,,,"300 000 TND | Zaouiet, Sousse Ville | 92m² | 2 Pièces | 2 Chambres"
Superbe S2 à la Nouvelle Soukra,,,"340 000 TND | El Aouina, Tunis | 115m² | 3 Pièces | 2 Chambres"
Appartement s3 haut standing à vendre à Nkhilette,,,"388 500 TND | Raoued Centre, Raoued | 185m² | 3 Pièces | 3 Chambres"
S3 a vendre,,,"575 000 TND | Khezama Est, Sousse | 161m² | 4 Pièces | 3 Chambres"
À vendre Appartement S2 Haute Standing,,,"365 000 TND | Kairouan Ville, Kairouan Ville | 182m² | 2 Pièces | 2 Chambres"
A vendre S1 Proche Bel AZUR Hammamet AH100:,,,"270 000 TND | Hammamet, Hammamet | 60m² | 2 Pièces | 1 Ch."
S3 à vendre neuf les jardins de Carthage,,,"760 000 TND | Les Jardins de Carthage, La Marsa | 139m² | 4 Pièces | 3 Chambres"
"À vendre s2 les jardins de Carthage 166,5 m2",,,"610 000 TND | Les Jardins de Carthage, La Marsa | 166m² | 3 Pièces | 2 Chambres"
S1 au Jardin de lAouina au 1étage,,,"Prix à consulter | Cité Taieb Mhiri, Menzel Chaker | 73m² | 1 Ch. | 1 Salle de bain"
S3 neuf avec Jardin à la Marsa,,,"Prix à consulter | La Marsa Ville, La Marsa | 148m² | 3 Pièces | 3 Chambres"
Appartement AR1–S3–RDC–Bloc A,,,"456 000 TND | Ariana Essoghra, Raoued | 142m² | 4 Pièces | 3 Chambres"
Appartement A2 2 – S3 – 2ème étage – Bloc A,,,"452 000 TND | Ariana Essoghra, Raoued | 141m² | 4 Pièces | 3 Chambres"
S2 haut standing de 123 m,,,"735 000 TND | Les Jardins de Carthage, La Marsa | 123m² | 3 Pièces | 2 Chambres"
S2 Direct Promoteur à Jinene Soukra 1 Chotrana 3,,,"Prix à consulter | Chotrana 3, La Soukra | 111m² | 3 Pièces | Ascenseur"
Appartement S2 de 100m² à La Nouvelle Médina,,,240 000 TND | Nouvelle Medina | 116m² | 3 Pièces | 2 Chambres
Appartement s2 de 85 m² à la Nouvelle Medina,,,168 000 TND | Nouvelle Medina | 85m² | 3 Pièces | 2 Chambres
Appartement S4 de 127m² à La Ennacer2,,,"330 000 TND | Cité Ennasr 2, Ariana | 127m² | 4 Pièces | 4 Chambres"
Appartement S1 à vendre à Sahloul 4,,,"255 000 TND | Sahloul, Sousse | 71m² | 1 Pièce | 1 Ch."
Appartement s1 à vendre,,,"240 000 TND | Khezama Est, Sousse | 76m² | 2 Pièces | 1 Ch."
JINENE SOUKRA 1: Luxe et Confort à Chotrana 3,À partir de 390 000 TND,,"À partir de 390 000 TND | À partir de | IMMOBILIER NEUF | Chotrana 3, La Soukra | Haut standing"
Appartement s1 à vendre,,,"185 000 TND | Khezama Est, Sousse | 40m² | 2 Pièces | 1 Ch."
À VENDRE –Appartement S2 – Hannibal 7. C. 1,,,"1 005 000 TND | Gammarth Supérieur, La Marsa | 156m² | 3 Pièces | Terrasse"
Appartement A13 – Résidence MAYA à Kairouan,,,188 634 TND | Kairouan Ville | 80m² | 3 Pièces | 2 Chambres
S2 d'Exception aux jardins de Carthage A1 9,,,"Prix à consulter | Les Jardins de Carthage, La Marsa | 124m² | 3 Pièces | 2 Chambres"
Vente d'un bel appartement à Route Lafrane,,,"Prix à consulter | Route Lafrane, Sfax | 89m² | 3 Pièces | 2 Chambres"
S1 de 80 m2 avec terrasse et jardin de 26m2,,,"375 000 TND | La Soukra Ville, La Soukra | 80m² | 2 Pièces | 1 Ch."
Un S 2 à Cite Wahat,,,"230 000 TND | Ain Zaghouan Nord, La Marsa | 85m² | 3 Pièces | 2 Chambres"
Appartement S3 vide aux berges du lac2,,,"750 000 TND | Les Berges Du Lac 2, Tunis | 158m² | 3 Chambres | Terrasse"
Duplex S4 à louer aux berges du lac2,10 000 TND,,10 000 TND | La Marsa | 400m² | 4 Chambres | Terrasse
S3 neuf à vendre aux berges du Lac 2,,,"1 100 000 TND | Les Berges Du Lac 2, Tunis | 193m² | 3 Chambres | Garage"
A vendre un S1 a Yasmine Hammamet,,,"200 000 TND | Yasmine Hammamet, Hammamet | 52m² | 2 Pièces | 1 Ch."
Appartement S1 à vendre aux berges du lac2,,,"420 000 TND | Les Berges Du Lac 2, Tunis | 80m² | 1 Ch. | Terrasse"
Duplex à vendre au Lac 2,,,"1 300 000 TND | Les Berges Du Lac 2, Tunis | 208m² | 3 Chambres | Terrasse"
À vendre bel appartement au RDC à cite hedi nouira Ariana,,,"258 000 TND | Ariana Centre, Ariana | 128m² | 2 Chambres | 1 Salle de bain"
Magnifique penthouse moderne avec piscine au Lac 2,,,"1 900 000 TND | Les Berges Du Lac 2, Tunis | 4 Pièces | 3 Chambres | 3 Salles de bains"
Vente d'un bel appart Jardins de Carthage Promoteu,,,990 000 TND | Carthage | 200m² | 5 Pièces | 4 Chambres
Fonctionnel S2 aux jardins de Carthage 104m² B2 1,,,"Prix à consulter | Les Jardins de Carthage, La Marsa | 104m² | 3 Pièces | 2 Chambres"
Appartement A44 – Résidence MAYA à Kairouan,,,"207 928 TND | Kairouan Ville, Kairouan Ville | 88m² | 3 Pièces | 2 Chambres"
Un joli S2 de 106.4 m² avec une belle terrasse de 44m²,,,"475 000 TND | El Aouina, Tunis | 106m² | 3 Pièces | 2 Chambres"
Prestigieux Penthouse aux Jardins de Carthage. Surface de 26...,,,"Prix à consulter | Les Jardins de Carthage, La Marsa | 263m² | 4 Pièces | 3 Chambres"
Appartement S3 de 125m² à l'achat à El Menzah 9,,,"552 000 TND | El Menzah 9, Tunis | 125m² | 4 Pièces | 3 Chambres"
Appartement A4 2 – S3 – 4ème étage – Bloc A,,,"452 000 TND | Ariana Essoghra, Raoued | 141m² | 4 Pièces | 3 Chambres"
"Apparemment rénové S4, Ain Zaghouen",,,"395 000 TND | Ain Zaghouan Nord, La Marsa | 170m² | 5 Pièces | 4 Chambres"
Vente d'un bel appartement à Carthage. 2 chambres agréables...,,,"570 000 TND | Carthage, Carthage | 114m² | 3 Pièces | 2 Chambres"
À vendre – Appartement S2 à La Soukra,,,"320 000 TND | La Soukra Ville, La Soukra | 124m² | 1 Pièce | 2 Chambres"
S2 haut standing de 125 m,,,"750 000 TND | Les Jardins de Carthage, La Marsa | 125m² | 3 Pièces | 3 Chambres"
S2 de 115 m² à Jinene Soukra 1 Chotrana 3,,,"Prix à consulter | Chotrana 3, La Soukra | 115m² | 3 Pièces | 2 Chambres"
À vendre Appartement type S2 cuisine ouverte,,,"386 000 TND | Sahloul, Sousse | 107m² | 4 Pièces | 2 Chambres"
Appartement s1 à vendre,,,"220 000 TND | Khezama Est, Sousse | 60m² | 2 Pièces | 1 Ch."
Appartement s2 a vendre,,,"360 000 TND | Khezama Est, Sousse | 110m² | 3 Pièces | 2 Chambres"
Appartement s3 à vendre,,,"450 000 TND | Khezama Est, Sousse | 150m² | 4 Pièces | 3 Chambres"
A vendre appartement s2 sur plan,,,"383 000 TND | Khezama Est, Sousse | 96m² | 3 Pièces | 2 Chambres"
Résidence Floria - Cité el Ghazela,À partir de 339 000 TND,,"À partir de 339 000 TND | À partir de | IMMOBILIER NEUF | Cité el Ghazela, Raoued | Haut standing"
Appartement s2 à vendre,,,"350 000 TND | Khezama Est, Sousse | 130m² | 3 Pièces | 2 Chambres"
À VENDRE –Appartement S2 – Hannibal 3. A,,,"868 000 TND | Gammarth Supérieur, La Marsa | 150m² | 3 Pièces | Terrasse"
Appartement A34 – Résidence MAYA à Kairouan,,,223 532 TND | Kairouan Ville | 95m² | 3 Pièces | 2 Chambres
Vente d'un bel appartement à Route Lafrane. Superficie 193 m...,,,"Prix à consulter | Route Lafrane, Sfax | 193m² | 4 Pièces | 3 Chambres"
Superbe S1 de 80 m2 en RDC avec un jardin de 26 m,,,"379 000 TND | La Soukra Ville, La Soukra | 81m² | 2 Pièces | 1 Ch."
Superbe appartement à vendre à El Omrane Supérieur. Surface...,,,"Prix à consulter | Les Jardins d'El Menzah 1, Ariana | 71m²"
À vendre Appartement S2 au Lac 2,,,"700 000 TND | La Marsa Ville, La Marsa | Baisse du prix50 000 TND | 115m² | 3 Pièces"
À vendre Appartement S2 au Lac 2,,,"550 000 TND | Les Berges Du Lac 2, Tunis | 59m² | 3 Pièces | 2 Chambres"
A Louer S1 au lac2,380 000 TND,,"380 000 TND | Les Berges Du Lac 2, Tunis | 60m² | 2 Pièces | 1 Ch."
À vendre un Appartement S1 meublé au Lac 2,,,"Prix à consulter | Les Berges Du Lac 2, Tunis | 49m² | 2 Pièces | 1 Ch."
À vendre – Appartement S2 neuf à Cité Merdes,,,180 000 TND | Kélibia | 100m² | 3 Pièces | 2 Chambres
"Appartement Danielle, Pieds dans l'eau à Hammamet",,,1 300 000 TND | Hammamet | 189m² | 3 Pièces | 2 Chambres
A vendre Appartement en s2 sis à Ben Arous,,,98 000 TND | Ben Arous | 100m² | 1 Pièce | 2 Chambres
"Appartement Samaris, pieds dans l'eau Hammamet",,,1 350 000 TND | Hammamet | 120m² | 4 Pièces | 3 Chambres
À vendre –S1 à Chott Mariem / pieds dans l’eau,,,175 000 TND | Chott Meriem | 500000m² | 2 Pièces | 1 Ch.
Appartement Yvette Hammamet Nord,,,"490 000 TND | Hammamet Nord, Hammamet | 119m² | 3 Pièces | 2 Chambres"
"Titre bleu: Grand appartement  
2 garages",,,"230 000 TND | Kélibia, Kélibia | 155m² | 4 Pièces | 2 Chambres"
Un appartement s2 à cité les palmeraies,,,"295 000 TND | El Aouina, Tunis | 110m² | 3 Pièces | 2 Chambres"
Duplex s3 avec piscine à la soukra,,,"860 000 TND | Chotrana 1, La Soukra | 250m² | 4 Pièces | 3 Chambres"
Fabuleux appartement S2 à vendre à Bou Mhel,,,"335 000 TND | Bou Mhel Bassatine, Bou Mhel Bassatine | 104m² | 3 Pièces | 2 Chambres"
À VENDRE –Appartement S2 – Utica 2. B,,,"725 000 TND | Gammarth Supérieur, La Marsa | 113m² | 3 Pièces | Terrasse"
APPART S4 à la Marina de Gammarth,,,"1 250 000 TND | Gammarth Village, La Marsa | 200m² | 5 Pièces | 4 Chambres"
Bel appartement à vendre à Sidi Hassine,,,"106 585 TND | Sidi Hassine, Tunis | 66m² | 2 Pièces | Jardin"
Appartement S2 avec Grande Terrasse,,,"506 000 TND | Chotrana 1, La Soukra | 112m² | 3 Pièces | 2 Chambres"
Duplex avec jardin et Piscine au Perle du Lac,,,"Prix à consulter | La Perle du Lac 1, Tunis | 266m² | 4 Pièces | 3 Chambres"
S3 de 162 m² à Jinene Soukra 1 Chotrana 3,,,"Prix à consulter | Chotrana 3, La Soukra | 162m² | 4 Pièces | 3 Chambres"
Vend appartement,,,"480 000 TND | Sahloul, Sousse | 133m² | 4 Pièces | 2 Chambres"
S2 à vendre aux Jardins de Carthage. Surface 121 m² B1 4,,,"Prix à consulter | Les Jardins de Carthage, La Marsa | 121m² | 3 Pièces | 2 Chambres"
Appartement S3 À El Mourouj 3,,,"180 000 TND | El Mourouj 3, El Mourouj | 110m² | 4 Pièces | 3 Chambres"
Appartement S2 à Ain Zaghouan nord,,,"400 000 TND | Ain Zaghouan Nord, La Marsa | 115m² | 3 Pièces | 2 Chambres"
Appartement S1 au berges du lac 2,,,"380 000 TND | Les Berges Du Lac 2, Tunis | 47m² | 2 Pièces | 1 Ch."
Appartement S3 à ain Zaghouan,,,"550 000 TND | Ain Zaghouan Nord, La Marsa | 156m² | 4 Pièces | 3 Chambres"
Le projet immobilier Résidence Emna,Prix à consulter,,"Prix à consulter | IMMOBILIER NEUF | Cité el Ghazela, Raoued | Haut standing | Finalisé"
Appartement S3 à l’aouina,,,"320 000 TND | El Aouina, Tunis | 140m² | 4 Pièces | 3 Chambres"
À VENDRE –Appartement S3 – Maharbal 1. B. 2,,,"1 070 000 TND | Gammarth Supérieur, La Marsa | 170m² | 3 Pièces | Terrasse"
Appartement A33 – Résidence MAYA à Kairouan,,,229 125 TND | Kairouan Ville | 97m² | 3 Pièces | 2 Chambres
S2 de 122 m2 avec jardin au RDC 93 m2,,,"640 000 TND | La Soukra Ville, La Soukra | 122m² | 3 Pièces | 2 Chambres"
Appartement en vente à El Omrane Supérieur. Surface de 103 m...,,,"Prix à consulter | Les Jardins d'El Menzah 1, Ariana | 107m²"
DUPLEX D'Exception. Résidence AVA aux jardins de carthage D0...,,,"Prix à consulter | Les Jardins de Carthage, La Marsa | 353m² | 4 Pièces | 3 Chambres"
À vendre s3 à la soukra,,,"545 000 TND | La Soukra Ville, La Soukra | 154m² | 4 Pièces | 3 Chambres"
Appartement S2 direct promoteur,,,"430 000 TND | Chotrana 1, La Soukra | 110m² | 3 Pièces | 2 Chambres"
Appartement en vente à Chotrana 1. Superficie 75 m². Double...,,,"269 000 TND | Chotrana 1, La Soukra | 75m² | 2 Pièces | 1 Ch."
À vendre Appartement en S3 de 146 m² à Ezzahra,,,"325 000 TND | Cité 18 Janvier, Ezzahra | 146m² | 1 Pièce | 3 Chambres"
Un magnifique Appartement S3 au Lac 2,,,"950 000 TND | Les Berges Du Lac 2, Tunis | 220m² | 1 Pièce | 3 Chambres"
Appatement s3 aux les berges du lac 1 vue sur lac,,,"Prix à consulter | La Perle du Lac 1, Tunis | 350m² | 4 Pièces | 3 Chambres"
S1 de 83m² avec piscine privée à Hammamet Nord,,,"395 000 TND | Hammamet Nord, Hammamet | 83m² | 2 Pièces | 1 Ch."
A Vendre S2 neuf à Hammam Sousse,,,"290 000 TND | Hammam Sousse Ghrabi, Hammam Sousse | 91m² | 3 Pièces | 2 Chambres"
A Vendre des appartements S2 neufs,,,"289 000 TND | Hammam Sousse Ghrabi, Hammam Sousse | 90m² | 3 Pièces | 2 Chambres"
S3 sur plan en vente a kantaoui,,,"Prix à consulter | El Kantaoui, Hammam Sousse | 161m² | 4 Pièces | 3 Chambres"
"Appartement S  2 à vendre, Résidence MALAGA 2 La Marsa",,,"660 000 TND | Cité Les Pins, La Marsa | 119m² | 3 Pièces | 2 Chambres"
A Vende un appartement en s3 au Bardo,,,"360 000 TND | Le Bardo, Le Bardo | 127m² | 4 Pièces | 3 Chambres"
Appartement à l'achat. Surface de 159 m²,,,"Prix à consulter | Bizerte Centre Ville, Bizerte | 159m² | 2 Chambres | 2 Salles de bains"
S2 à la Soukra d'une superficie de 127.76 m²,,,"Prix à consulter | La Soukra Ville, La Soukra | 128m² | 4 Pièces | 2 Chambres"
S3 en vente,,,"660 000 TND | Les Jardins de Carthage, La Marsa | 170m² | 4 Pièces | 3 Chambres"
Opportunité d'unS2 Moderne et Fonctionnet,,,"580 000 TND | Sahloul, Sousse | 183m² | 3 Pièces | 2 Chambres"
Appartement S3 à Jardin de Carthage,,,"690 000 TND | Les Jardins de Carthage, La Marsa | 140m² | 3 Pièces | 3 Chambres"
S2 de 107 m²,,,"470 000 TND | Yasmine Hammamet, Hammamet | 107m² | 3 Pièces | 2 Chambres"
S2 de 110m² à hammamet Sud,,,"310 000 TND | Hammamet Sud, Hammamet | 110m² | 3 Pièces | 2 Chambres"
S3 Neuf de 177m² à Jinene Soukra 1 Chotrana 3,,,"Prix à consulter | Chotrana 3, La Soukra | 177m² | 4 Pièces | Terrasse"
Superbe appartement à vendre. Superficie 94 m²,,,"340 000 TND | Sahloul, Sousse | 94m² | 2 Pièces | 1 Ch."
Vend appartement à Les Jardins de Carthage. Superficie 279 m...,,,"Prix à consulter | Les Jardins de Carthage, La Marsa | 279m² | 3 Chambres | 2 Salles de bains"
A Louer Appartement S3 Meuble a la Marsa Plage,Prix à consulter,,"Prix à consulter | La Marsa Ville, La Marsa | 150m² | 3 Chambres | 3 Salles de bains"
A Vendre un S3 de 230 m² aux Jardins De Carthage,,,"Prix à consulter | Les Jardins de Carthage, La Marsa | 250m² | 2 Pièces | 3 Chambres"
À vendre un Appartement S3 à La Marsa Les Pins,,,"850 000 TND | Cité Les Pins, La Marsa | 160m² | 4 Pièces | 3 Chambres"
À Vendre appartement S2 à Sidi Daoued La Marsa,,,"350 000 TND | Sidi Daoued, La Marsa | 84m² | 2 Chambres | 1 Salle de bain"
Résidence Floria - Cité el Ghazela,À partir de 339 000 TND,,"À partir de 339 000 TND | À partir de | IMMOBILIER NEUF | Cité el Ghazela, Raoued | Haut standing"
À Vendre Penthouse vue Lac aux Jardins de Carthage,,,"Prix à consulter | Les Jardins de Carthage, La Marsa | 390m² | 5 Pièces | 4 Chambres"
À VENDRE –Appartement S2 – Amilcar 2. B,,,"785 000 TND | Gammarth Supérieur, La Marsa | 124m² | 3 Pièces | Terrasse"
Appartement A21 – Résidence MAYA à Kairouan,,,234 741 TND | Kairouan Ville | 99m² | 3 Pièces | 2 Chambres
Très grand S2 de 121m² au 1ier étage,,,"500 000 TND | La Soukra Ville, La Soukra | 121m² | 3 Pièces | 2 Chambres"
Vente d'un bel appartement à Les Jardins d'El Menzah 1,,,"Prix à consulter | Les Jardins d'El Menzah 1, Ariana | 106m² | 3 Pièces | 2 Chambres"
Duplex De prestige S3 à vendre aux Jardins de Carthage D0 1,,,"Prix à consulter | Les Jardins de Carthage, La Marsa | 289m² | 4 Pièces | 3 Chambres"
S3 direct promoteur a kantaoui avec une vue mer,,,"621 626 TND | El Kantaoui, Hammam Sousse | 149m² | 4 Pièces | 3 Chambres"
S3 vue mer en vente,,,"1 500 000 TND | El Kantaoui, Hammam Sousse | 220m² | 4 Pièces | 3 Chambres"
S4 sur plan en vente a kantaoui,,,"Prix à consulter | El Kantaoui, Hammam Sousse | 285m² | 5 Pièces | 4 Chambres"
S3 pied dans l'eau en vente a El kantaoui,,,"Prix à consulter | El Kantaoui, Hammam Sousse | 180m² | 4 Pièces | 3 Chambres"
S2 en vente dans une résidence avec piscine,,,"590 000 TND | El Kantaoui, Hammam Sousse | 146m² | 1 Pièce | 2 Chambres"
A VENDRE appartement S2 haut standing à Bellevu,,,"280 000 TND | El Ouardia, Tunis | 110m² | 2 Pièces | 2 Chambres"
A VENDRE: appartement S3 à EL WAHAT / L'AOUINA,,,"325 000 TND | Ain Zaghouan Nord, La Marsa | 101m² | 3 Pièces | 4 Chambres"
Appartement S2 neuf avec ascenseur a kélibia,,,280 000 TND | Kélibia | 120m² | 3 Pièces | 3 Chambres
Appartement S1 à vendre à Cité El Bosten,,,155 000 TND | Kélibia | 70m² | 2 Pièces | 1 Ch.
A vendre un appartement en S2 de120m²,,,"340 000 TND | Cité Ennasr 1, Ariana | 160m² | 3 Pièces | 2 Chambres"
S2 de 99m² avec une terrasse à Hammamet Nord,,,"400 000 TND | Hammamet Nord, Hammamet | 99m² | 3 Pièces | 2 Chambres"
À vendre un appartement s1 à la Soukra Parc,,,"230 000 TND | La Soukra Ville, La Soukra | 65m² | 2 Pièces | 1 Ch."
"À Vendre – Appartement S2 à El Fatha, Kélibia",,,"330 000 TND | Kélibia, Kélibia | 101m² | 3 Pièces | 2 Chambres"
À vendre – Appartement S1 avec vue piscine,,,"225 000 TND | Kélibia, Kélibia | 69m² | 2 Pièces | 1 Ch."
Appartement récemment rénové à vendre à Denden. Surface : 70...,,,"205 000 TND | Denden, La Manouba | 70m² | 2 Chambres | 1 Salle de bain"
À VENDRE Appartement S3 Vue Route touristique SOUSSE,,,"1 050 000 TND | Corniche, Sousse | 177m² | 4 Pièces | 3 Chambres"
Villa de Style Américain Haut Standing à Sahloul 4,,,"1 060 000 TND | Sousse Jaouhara, Sousse Jaouhara | 460m² | 5 Pièces | 5 Chambres"
Vente appartement avec une vue sur mer,,,"420 000 TND | El Kantaoui, Hammam Sousse | 80m² | 1 Pièce | 1 Ch."
A vendre Appartement S2 Haut Standing a Sahloul 4,,,"406 000 TND | Sousse Jaouhara, Sousse Jaouhara | 128m² | 3 Pièces | 2 Chambres"
Appartement à vendre. S3 avec Terrasse 22 m²,,,"Prix à consulter | Sahloul, Sousse | 156m² | 4 Pièces | 3 Chambres"
"Duplex de luxe s4,5 de 315m² aux Jardins de Carthage D0 7",,,"Prix à consulter | Les Jardins de Carthage, La Marsa | 315m² | 5 Pièces | 4 Chambres"
Fabuleux S3 de 125m² à vendre,,,"403 168 TND | Bhar Lazreg, La Marsa | 125m² | 4 Pièces | 3 Chambres"
A VENDRE Appartement s3 à Rades,,,"165 000 TND | Village Mediterranee, Rades | 100m² | 4 Pièces | 3 Chambres"
A VENDRE Duplex S3 à Rades,,,"570 000 TND | Rades Meliane, Rades | 280m² | 4 Pièces | 3 Chambres"
A vendre un apparteme S2 avec jardin à Afh Mrezga,,,"Prix à consulter | Cité El Wafa, Nabeul | 90m² | 5 Pièces | 2 Chambres"
À vendre Appartement S2,,,"380 000 TND | La Soukra Ville, La Soukra | 130m² | 3 Pièces | 2 Chambres"
Résidence: BABYLONE - Sfax,Prix à consulter,,"Prix à consulter | IMMOBILIER NEUF | Route Lafrane, Sfax | Haut standing | En cours de construction"
Des appartements haut standing à vendre,Prix à consulter,,"Prix à consulter | La Marsa Ville, La Marsa | 105m² | 3 Pièces | 2 Chambres"
Appartement A14 – Résidence MAYA à Kairouan,,,253 236 TND | Kairouan Ville | 107m² | 3 Pièces | 2 Chambres
S2 122 m2 prix promotionnel jusqu'au  ***-******,,,"500 000 TND | La Soukra Ville, La Soukra | 122m² | 3 Pièces | 2 Chambres"
Appartement à l'achat à Les Jardins d'El Menzah 1.2 chambres...,,,"Prix à consulter | Les Jardins d'El Menzah 1, Ariana | 102m² | 2 Chambres | 1 Salle de bain"
Vente d'un bel appartement à Borj Louzir,191 000 TND,,"191 000 TND | Borj Louzir, La Soukra | 88m² | 3 Pièces | 2 Chambres"
A vendre S2 de 86m² avec place de parking,,,"355 000 TND | Bhar Lazreg, La Marsa | 86m² | 3 Pièces | 2 Chambres"
Vente appartement retapé a neuf a menzah 1,,,"195 000 TND | El Menzah 1, Tunis | 70m² | 2 Pièces | 2 Chambres"
Appartement s2 a la Marsa en cours de construction,630 000 TND,,630 000 TND | La Marsa | 128m² | 2 Chambres | Terrasse
Nouveau projet à la Soukra,,,"365 000 TND | La Soukra Ville, La Soukra | 86m² | 3 Pièces | 2 Chambres"
S3 en vente,714 000 TND,,"714 000 TND | Riadh al Andalous, Ariana | 168m² | Jardin | Garage"
S4 en vente,330 000 TND,,330 000 TND | Carthage | 111m² | 5 Pièces | 4 Chambres
S2 en vente,,,"595 000 TND | Les Jardins de Carthage, La Marsa | 133m² | 3 Pièces | 2 Chambres"
S2 en vente,,,"510 000 TND | Les Jardins de Carthage, La Marsa | 133m² | Terrasse | Garage"
Appartement S1,,,108 000 TND | Kélibia | 40m² | 2 Pièces | 1 Ch.
S3 en vente dans une résidence avec piscine,,,"787 000 TND | El Kantaoui, Hammam Sousse | 183m² | 1 Pièce | 3 Chambres"
Appartement s1 à vendre sur plan,389 223 TND,,389 223 TND | Le Kram | 66m² | 1 Pièce | 1 Ch.
Appartement S3 à Khzema Sousse,,,"650 000 TND | Sousse Jaouhara, Sousse Jaouhara | 186m² | 3 Pièces | 3 Chambres"
A Vendre S3 aux Jardins de Carthage,Prix à consulter,,"Prix à consulter | Les Jardins de Carthage, La Marsa | 138m² | 4 Pièces | 3 Chambres"
Appartement s2 à vendre aux jardins de Carthage,,,"620 000 TND | Les Jardins de Carthage, La Marsa | 150m² | 2 Pièces | 2 Chambres"
A vendre ou a louer bel appartement marsa cube ave,,,"2 000 000 TND | La Marsa Ville, La Marsa | 130m² | 4 Pièces | 3 Chambres"
A vendre appartement S1 à La Nouvelle Soukra,186 000 TND,,"186 000 TND | La Soukra Ville, La Soukra | 2 Pièces | 1 Ch. | 2 Salles de bains"
Un appartement bien aménagé,,,"700 000 TND | Gammarth Village, La Marsa | 200m² | 5 Pièces | 4 Chambres"
Bel appartement à vendre à Les Jardins de Carthage,,,"Prix à consulter | Les Jardins de Carthage, La Marsa | 70m² | 2 Pièces | 1 Ch."
Vente appartement s2 de standing la marsa,,,"400 000 TND | La Marsa Ville, La Marsa | 128m² | 3 Pièces | 2 Chambres"
Appartement B4 2 – S2 – 4ème étage – Bloc B,,,"355 000 TND | Ariana Essoghra, Raoued | 104m² | 3 Pièces | 2 Chambres"
Penthouse d'Exception aux Jardins de Carthage. Dernier étage...,,,"Prix à consulter | Les Jardins de Carthage, La Marsa | 312m² | 5 Pièces | 4 Chambres"
A vendre S2 de 104m² ç La Mars Bhar Lazrek,,,"368 864 TND | Bhar Lazreg, La Marsa | 104m² | 3 Pièces | 2 Chambres"
S2 haut standing à Monastir,,,"385 000 TND | Cité El Agba, Monastir | 83m² | 2 Pièces | 2 Chambres"
À Vendre un S2 à la Marsa,,,"415 000 TND | La Marsa Ville, La Marsa | 123m² | 3 Pièces | 2 Chambres"
"À VENDRE – S1à Sidi Daoud, La Marsa",,,"350 000 TND | Sidi Daoued, La Marsa | 68m² | 2 Pièces | 1 Ch."
À VENDRE – Superbe S3 avec jardin privatif,,,"580 000 TND | Gammarth Village, La Marsa | 190m² | 4 Pièces | 3 Chambres"
A vendre s3 a cite taieb mhiri aouina,,,"245 000 TND | El Aouina, Tunis | 102m² | 3 Pièces | 3 Chambres"
Résidence: BABYLONE - Sfax,Prix à consulter,,"Prix à consulter | IMMOBILIER NEUF | Route Lafrane, Sfax | Haut standing | En cours de construction"
Des appartements à vendre chez promoteur,,,"386 000 TND | Ain Zaghouan Nord, La Marsa | 117m² | 3 Pièces | 2 Chambres"
Magnifique S2 avec 2 suites,,,"Prix à consulter | La Soukra Ville, La Soukra | 150m² | 3 Pièces | 2 Chambres"
Appartement à l'achat à Les Jardins d'El Menzah 1. Superfici...,,,"Prix à consulter | Les Jardins d'El Menzah 1, Ariana | 150m² | 3 Chambres | 1 Salle de bain"
Bel appartement à vendre à Borj Louzir. Superficie 88 m²,,,"191 000 TND | Borj Louzir, La Soukra | 88m² | 3 Pièces | 2 Chambres"
Opportunité d'un Sé de 114m² avec Parking,,,"460 000 TND | Bhar Lazreg, La Marsa | 114m² | 3 Pièces | 2 Chambres"
Bel appartement à vendre. Surface de 170 m²,,,"Prix à consulter | Bizerte Centre Ville, Bizerte | 170m² | 2 Chambres | 2 Salles de bains"
S2 pour la vente,,,300 000 TND | Nabeul | 117m² | 3 Pièces | 2 Chambres
A vendre appartement s2 avec jardin au menzah 9,,,"480 000 TND | Les Jardins d'El Menzah 2, Ariana | 120m² | 3 Pièces | 2 Chambres"
À vendre un appartement S4 Ain Zaghouen,,,"375 000 TND | Ain Zaghouan Nord, La Marsa | 146m² | 5 Pièces | 4 Chambres"
À Vendre un apppartement S3 à Laaouina DownTown,,,"370 000 TND | El Aouina, Tunis | 129m² | 4 Pièces | 3 Chambres"
A vendre un appartement s2 au jardin de carthage,,,"630 000 TND | Les Jardins de Carthage, La Marsa | 180m² | 3 Pièces | 2 Chambres"
À VENDRE Penthouse S4 à sousse route touristique,,,"Prix à consulter | Zaouiet, Sousse Ville | 290m² | 4 Pièces | 4 Chambres"
Luxueux Appartement à vendre à Sahloul 1,,,420 000 TND | Sousse Jaouhara | 100m² | 2 Pièces | 2 Chambres
Appartement S3 à vendre à sahloul,,,280 000 TND | Sousse Jaouhara | 123m² | 3 Pièces | 3 Chambres
Un bureau très haut standing à usage professionnel,,,"Prix à consulter | Zaouiet, Sousse Ville | 250m² | 2 Pièces | 2 Chambres"
Appartement S2 à vendre à khzema Est,,,"340 000 TND | Khezama Est, Sousse | 90m² | 2 Pièces | 2 Chambres"
"À Vendre appartement S2 à Jaafer, Ariana",,,"150 000 TND | Jaafar, Raoued | 72m² | 3 Pièces | 2 Chambres"
A vendre appartement S2 au Rdc à baryem etounssi,,,"265 000 TND | Le Bardo, Le Bardo | 90m² | 3 Pièces | 1 Ch."
À VENDRE – Appartement S3 Luxe à Cité Gazelle,,,"550 000 TND | Cité el Ghazela, Raoued | 170m² | 4 Pièces | 3 Chambres"
"A Vendre appartement en S2,1er étage Le Bardo",,,"250 000 TND | Le Bardo, Le Bardo | Baisse du prix20 000 TND | 110m² | 3 Pièces"
Appartement à l'achat. Superficie 220 m²,,,"Prix à consulter | Bizerte Centre Ville, Bizerte | 220m² | 3 Chambres | 2 Salles de bains"
Vente d'un bel appartement à Chotrana avec jardin,,,"475 000 TND | Chotrana 2, La Soukra | 198m² | 2 Chambres | 2 Salles de bains"
"À vendre – s2 très haut standing, nouvelle soukra ️ direct p...",,,"353 000 TND | El Aouina, Tunis | 86m² | 2 Chambres | 1 Salle de bain"
Nouveaux Appartements S1 & S2 – Vente Directe Promoteur ️,,,"248 000 TND | El Aouina, Tunis | 68m² | 1 Ch. | 1 Salle de bain"
A vendre s1 s2 direct promoteur nouvelle soukra,,,"247 000 TND | El Aouina, Tunis | 63m² | 1 Ch. | 1 Salle de bain"
Penthouse de luxe Jardins de Carthage 307m² D1 3,,,"Prix à consulter | Les Jardins de Carthage, La Marsa | 307m² | 5 Pièces | 4 Chambres"
Superbe S2 de 105m² à vendre,,,"358 564 TND | Bhar Lazreg, La Marsa | 105m² | 3 Pièces | 2 Chambres"
S1 moderne aux Jardins de Monastir,,,"267 000 TND | Cité El Agba, Monastir | 54m² | 2 Pièces | 1 Ch."
S1 en vente,400 000 TND,,"400 000 TND | Les Jardins de Carthage, La Marsa | 67m² | 2 Pièces | 1 Ch."
Duplex en vente,,,"630 000 TND | Les Jardins de Carthage, La Marsa | 146m² | 4 Pièces | 3 Chambres"
Duplex en vente,,,"820 000 TND | Ain Zaghouan Sud, La Marsa | 200m² | 4 Pièces | 3 Chambres"
S2 en vente,,,"460 000 TND | Les Jardins de Carthage, La Marsa | 100m² | 3 Pièces | 2 Chambres"
Résidence Omrane 16- Élégance à Riadh El Ghazela,À partir de 369 000 TND,,"À partir de 369 000 TND | À partir de | IMMOBILIER NEUF | Cité el Ghazela, Raoued | Haut standing"
S2 en vente,,,"595 000 TND | Les Jardins de Carthage, La Marsa | 100m² | 3 Pièces | 2 Chambres"
Prix promotionnel jusqu'au 31 Août 2026,,,"500 000 TND | La Soukra Ville, La Soukra | 122m² | 3 Pièces | 2 Chambres"
Vend appartement à Les Jardins d'El Menzah 1. Surface totale...,,,"Prix à consulter | Les Jardins d'El Menzah 1, Ariana | 140m² | 3 Chambres | 1 Salle de bain"
Vente d'un bel appartement à Borj Louzir. Surface de 117 m²,,,"263 000 TND | Borj Louzir, La Soukra | 117m² | 4 Pièces | 3 Chambres"
Superbe appartement à vendre. Superficie 106 m²,,,"Prix à consulter | Bizerte Centre Ville, Bizerte | 106m² | 2 Chambres | 2 Salles de bains"
Bel appartement à vendre à Les Berges Du Lac 1. Surface de 8...,,,"Prix à consulter | La Perle du Lac 1, Tunis | 83m² | 2 Pièces | 1 Ch."
Un duplex avec une vue panoramique,,,"1 350 000 TND | Les Jardins de Carthage, La Marsa | 224m² | 5 Pièces | 4 Chambres"
À Vendre – un s2 à panorama,,,"295 000 TND | Corniche, Sousse | 80m² | 3 Pièces | 2 Chambres"
A vendre un appartement s2 boumhal basssatine,,,275 000 TND | Bou Mhel Bassatine | 82m² | 3 Pièces | 2 Chambres
A vendre s2 a boumhal bassatine,,,245 000 TND | Bou Mhel Bassatine | 95m² | 3 Pièces | 2 Chambres
Appartement S3 avec piscine à vendre au Lac 2,,,"Prix à consulter | Les Berges Du Lac 2, Tunis | 320m² | 3 Chambres | Terrasse"
À Vendre – Appartement S4 à l'aouina,,,"Prix à consulter | El Aouina, Tunis | 180m² | 5 Pièces | 4 Chambres"
A vendre un s2 de haut standing à chotrana 1,,,"478 000 TND | Chotrana 1, La Soukra | 126m² | 3 Pièces | 2 Chambres"
S2 à VENDRE à La Mannouba,,,"235 000 TND | Denden, La Manouba | 121m² | 3 Pièces | 2 Chambres"
Appartement tout près de la plage à vendre. Surface de 85 m²...,,,300 000 TND | Chott Meriem | 85m² | 2 Chambres | 1 Salle de bain
S2 en vente,,,270 000 TND | Nabeul | Baisse du prix25 000 TND | 100m² | 3 Pièces
"À vendre – s1 haut standing, cité wahat",,,"Prix à consulter | El Aouina, Tunis | 64m² | 1 Ch. | 1 Salle de bain"
Coup de cœur à la nouvelle soukra – s1 avec terrasse & exce...,,,"Prix à consulter | El Aouina, Tunis | 57m² | 1 Ch. | 1 Salle de bain"
Appartement en vente à Rades A 4 7,,,"Prix à consulter | Radès, Rades | 118m² | 3 Pièces | 2 Chambres"
S1 de 62m² à Sidi Mahersi Nabeul,,,"335 499 TND | Sidi El Mahrsi, Nabeul | 62m² | 2 Pièces | 1 Ch."
A louer: Appartement vide en S2 de 120m²,,,"Prix à consulter | Hammamet, Hammamet | 120m² | 3 Pièces | 2 Chambres"
Vente ennasr2 d'un penthouse en duplex haut standi,,,"600 000 TND | Cité Ennasr 2, Ariana | 212m² | 4 Pièces | 3 Chambres"
A Vendre S2 aux Jardins de Carthage,Prix à consulter,,"Prix à consulter | Les Jardins de Carthage, La Marsa | 104m² | 3 Pièces | 2 Chambres"
À VENDRE –Appartement S2 – Hannibal 3. D. 1,,,"850 000 TND | Gammarth Supérieur, La Marsa | 134m² | 3 Pièces | Terrasse"
A vendre S3 avec Terrasse à El Menzah 9,,,"686 000 TND | El Menzah 9, Tunis | 152m² | 4 Pièces | 3 Chambres"
